[
  {
    "id": "5e8cd5d9-82f0-4bd8-bc49-c72c755776bc",
    "data": [
      {
        "text": "red",
        "alias": "color",
        "meta": "@sys.color",
        "userDefined": false
      },
      {
        "text": " is my color",
        "userDefined": false
      }
    ],
    "isTemplate": false,
    "count": 0,
    "updated": 1533178967
  },
  {
    "id": "18911c27-7df7-40af-9982-012470f03046",
    "data": [
      {
        "text": "set my favorite color to ",
        "userDefined": false
      },
      {
        "text": "red",
        "alias": "color",
        "meta": "@sys.color",
        "userDefined": false
      }
    ],
    "isTemplate": false,
    "count": 0,
    "updated": 1533178967
  },
  {
    "id": "bb0bfdd0-6d6e-4454-b40e-93e6fec330e6",
    "data": [
      {
        "text": "red",
        "alias": "color",
        "meta": "@sys.color",
        "userDefined": false
      }
    ],
    "isTemplate": false,
    "count": 0,
    "updated": 1533178967
  },
  {
    "id": "b35fb706-3ad6-45cc-a6e7-a9b3726b8515",
    "data": [
      {
        "text": "my favorite color is ",
        "userDefined": false
      },
      {
        "text": "red",
        "alias": "color",
        "meta": "@sys.color",
        "userDefined": false
      }
    ],
    "isTemplate": false,
    "count": 0,
    "updated": 1533178967
  },
  {
    "id": "19335be4-a389-4449-a249-378932b72ca2",
    "data": [
      {
        "text": "I love ",
        "userDefined": false
      },
      {
        "text": "red",
        "alias": "color",
        "meta": "@sys.color",
        "userDefined": false
      }
    ],
    "isTemplate": false,
    "count": 0,
    "updated": 1533178967
  },
  {
    "id": "2c330f62-1b7d-4f95-b5bf-6cd3bcf359d8",
    "data": [
      {
        "text": "set my color to ",
        "userDefined": false
      },
      {
        "text": "red",
        "alias": "color",
        "meta": "@sys.color",
        "userDefined": false
      }
    ],
    "isTemplate": false,
    "count": 0,
    "updated": 1533178967
  },
  {
    "id": "51377d3b-03e5-4b98-a2bb-0a498d5bcca5",
    "data": [
      {
        "text": "red",
        "alias": "color",
        "meta": "@sys.color",
        "userDefined": false
      },
      {
        "text": " is my favorite color",
        "userDefined": false
      }
    ],
    "isTemplate": false,
    "count": 0,
    "updated": 1533178967
  },
  {
    "id": "0060fc9e-d621-4e41-bad6-38812ac63d0e",
    "data": [
      {
        "text": "I like ",
        "userDefined": false
      },
      {
        "text": "red",
        "alias": "color",
        "meta": "@sys.color",
        "userDefined": false
      }
    ],
    "isTemplate": false,
    "count": 0,
    "updated": 1533178967
  }
]