[
  {
    "id": "70821f45-b31c-4b22-9e64-575df56edf34",
    "data": [
      {
        "text": "favorite color",
        "userDefined": false
      }
    ],
    "isTemplate": false,
    "count": 0,
    "updated": 1533164719
  },
  {
    "id": "8c81350e-14b3-4ba4-be37-c5e5862f67c0",
    "data": [
      {
        "text": "do you know my favorite color",
        "userDefined": false
      }
    ],
    "isTemplate": false,
    "count": 0,
    "updated": 1533164719
  },
  {
    "id": "e49d85ee-24dc-4c27-b441-35879c1d6fe1",
    "data": [
      {
        "text": "what\u0027s my favorite color",
        "userDefined": false
      }
    ],
    "isTemplate": false,
    "count": 0,
    "updated": 1533164719
  }
]