[
  {
    "id": "e2376b09-e6dc-40c5-b666-c3b10822a62c",
    "data": [
      {
        "text": "set my color to ",
        "userDefined": false
      },
      {
        "text": "red",
        "alias": "color",
        "meta": "@sys.color",
        "userDefined": false
      }
    ],
    "isTemplate": false,
    "count": 0,
    "updated": 1533178967
  },
  {
    "id": "01ecd19d-d25d-446f-adef-72fe8ed98c82",
    "data": [
      {
        "text": "set my favorite color to ",
        "userDefined": false
      },
      {
        "text": "red",
        "alias": "color",
        "meta": "@sys.color",
        "userDefined": false
      }
    ],
    "isTemplate": false,
    "count": 0,
    "updated": 1533178967
  },
  {
    "id": "3b97c060-0f15-469b-975b-56b3ff01f9c9",
    "data": [
      {
        "text": "I love ",
        "userDefined": false
      },
      {
        "text": "red",
        "alias": "color",
        "meta": "@sys.color",
        "userDefined": false
      }
    ],
    "isTemplate": false,
    "count": 0,
    "updated": 1533178967
  },
  {
    "id": "7e4022aa-d604-4ef4-833b-94db20d1f86c",
    "data": [
      {
        "text": "red",
        "alias": "color",
        "meta": "@sys.color",
        "userDefined": false
      },
      {
        "text": " is my color",
        "userDefined": false
      }
    ],
    "isTemplate": false,
    "count": 0,
    "updated": 1533178967
  },
  {
    "id": "cac19d06-6617-4b74-b64f-e923264a6987",
    "data": [
      {
        "text": "red",
        "alias": "color",
        "meta": "@sys.color",
        "userDefined": false
      },
      {
        "text": " is my favorite color",
        "userDefined": false
      }
    ],
    "isTemplate": false,
    "count": 0,
    "updated": 1533178967
  },
  {
    "id": "3b592e5e-c0c1-46d0-8011-6010829684c2",
    "data": [
      {
        "text": "I like ",
        "userDefined": false
      },
      {
        "text": "red",
        "alias": "color",
        "meta": "@sys.color",
        "userDefined": false
      }
    ],
    "isTemplate": false,
    "count": 0,
    "updated": 1533178967
  },
  {
    "id": "24b378ef-b09f-4c60-adf6-997232f7f448",
    "data": [
      {
        "text": "red",
        "alias": "color",
        "meta": "@sys.color",
        "userDefined": false
      }
    ],
    "isTemplate": false,
    "count": 0,
    "updated": 1533178967
  },
  {
    "id": "fb8f3904-e09a-4fd4-afc4-75f501b2d8df",
    "data": [
      {
        "text": "my favorite color is ",
        "userDefined": false
      },
      {
        "text": "red",
        "alias": "color",
        "meta": "@sys.color",
        "userDefined": false
      }
    ],
    "isTemplate": false,
    "count": 0,
    "updated": 1533178967
  }
]